<?xml version="1.0" encoding="UTF-8"?>
<module external.system.id="GRADLE" type="JAVA_MODULE" version="4">
  <component name="FacetManager">
    <facet type="android-gradle" name="Android-Gradle">
      <configuration>
        <option name="GRADLE_PROJECT_PATH" value=":" />
      </configuration>
    </facet>
    <facet type="android" name="Android">
      <configuration>
        <option name="ALLOW_USER_CONFIGURATION" value="false" />
      </configuration>
    </facet>
  </component>
  <component name="NewModuleRootManager" inherit-compiler-output="true">
    <exclude-output />
    <content url="file://$MODULE_DIR$" />
    <orderEntry type="sourceFolder" forTests="false" />
  </component>
</module>